CASE_TYPE,SIDE
BORA,CIVIL
CMA DC,CIVIL
CMA SC,CIVIL
CRA,CIVIL
CS CCC,CIVIL
CFR,CIVIL
ELEP,CIVIL
EXE LAR,CIVIL
EXE R,CIVIL
EXE SM,CIVIL
EXE S,CIVIL
HMP,CIVIL
INS P,CIVIL
LAR,CIVIL
MCA,CIVIL
MA,CIVIL
PRCPT,CIVIL
RCA,CIVIL
RCS,CIVIL
REWA,CIVIL
STAT APP,CIVIL
SMC PSRP,CIVIL
SMC CAPW,CIVIL
SMC CMP PTN,CIVIL
SMC NTA,CIVIL
SMCST,CIVIL
SPCS,CIVIL
SPCS EL,CIVIL
SMP,CIVIL
SMST R,CIVIL
SMST S,CIVIL
TMSUIT,CIVIL
TSUIT,CIVIL
FSUIT,CIVIL
SRA,CIVIL
INTER,CIVIL
COMM CS,CIVIL
COMM TMCS,CIVIL
COMM CMA,CIVIL
COMM EX,CIVIL
COMM REWA,CIVIL
COMM APL,CIVIL
MACEX,CIVIL
MACMA,CIVIL
MACP,CIVIL
MACRP,CIVIL
GPID CVC,CIVIL
GLGPCIVIL,CIVIL
COMM-MCA,CIVIL
APPEAL IC,CIVIL
RVSN IC,CIVIL
MISCAPP-IC,CIVIL
REVIEW-IC,CIVIL
APP-IC,CIVIL
REF IT,CIVIL
REF-ITC,CIVIL
COMP IT,CIVIL
COMP-ITC,CIVIL
REVIEW IT,CIVIL
MISCAPP IT,CIVIL
MISCAPP-ITC,CIVIL
PRMSN IT,CIVIL
APPEAL-IESO,CIVIL
REF-TU,CIVIL
APPLN ESI,CIVIL
1STAPL ESI,CIVIL
2NDAPL ESI,CIVIL
REVIEW-ESI,CIVIL
MISCAPP ESI,CIVIL
REF IC,CIVIL
APP IT,CIVIL
STRIKE-LC,CIVIL
CHANGE-LC,CIVIL
TAPP-LC,CIVIL
BIR-LC,CIVIL
CRCMP-LC,CIVIL
REFER-LC,CIVIL
REFER-T-LC,CIVIL
REFER-D-LC,CIVIL
RECO33C1-LC,CIVIL
RECO33C2-LC,CIVIL
MISC26A-LC,CIVIL
COMP-LC,CIVIL
PERM-LC,CIVIL
APPR-LC,CIVIL
IESO-LC,CIVIL
REV31-LC,CIVIL
WC-FATAL-LC,CIVIL
WC-NFATAL-L,CIVIL
DST-LC,CIVIL
AGRMNT-LC,CIVIL
WC-MIS-LC,CIVIL
PWAPP-LC,CIVIL
PW-MIS-LC,CIVIL
MWAPP-LC,CIVIL
MWMISC-LC,CIVIL
MEDAPP-LC,CIVIL
MAMISC-LC,CIVIL
BIRACT,CIVIL
CMPNT,CIVIL
IESO,CIVIL
CBI CR,CRIMINAL
CBI CR A,CRIMINAL
CBI CC,CRIMINAL
CBI CRMA,CRIMINAL
CBI CR REV,CRIMINAL
CBI SPCC,CRIMINAL
CR A,CRIMINAL
CC,CRIMINAL
CC JUVE,CRIMINAL
CC RLY,CRIMINAL
CR EN,CRIMINAL
CRMA J,CRIMINAL
CRMA S,CRIMINAL
CR RA,CRIMINAL
MTA,CRIMINAL
SC,CRIMINAL
ACB,CRIMINAL
ATRO,CRIMINAL
ELEC,CRIMINAL
HR,CRIMINAL
NDPS,CRIMINAL
POTA,CRIMINAL
TADA,CRIMINAL
SMRY,CRIMINAL
PCSO,CRIMINAL
PMLA,CRIMINAL
NIA SPC,CRIMINAL
NIA CRMA,CRIMINAL
SPCS COMP,CRIMINAL
DRCM,CRIMINAL
GPID CC,CRIMINAL
GPID CRMA,CRIMINAL
GLGP,CRIMINAL
GCTOC,CRIMINAL
eCC,CRIMINAL
eCR EN,CRIMINAL
eCRMA J,CRIMINAL
